ข้อมูลผู้เข้าร่วมโครงการสะสมก้าวสร้างสุข (Happy Mile) ,,,,,,,,,,,,,
สำนักงานเขตลาดพร้าว,,,,,,,,,,,,,
,,,,,,,,,,,,,
ลำดับ,ชื่อ - นามสกุล,เพศ,,,,อายุ,ส่วนสูง,ค่าน้ำหนัก/BMI,,,,สังกัดฝ่าย,
,,ชาย,หญิง,LGBTQ+,ไม่ระบุ,,,ก่อนเข้าโครงการ,,หลังเข้าโครงการ,,,
,,,,,,,,น้ำหนัก,BMI,น้ำหนัก,BMI,,
,,,,,,,,,,,,,
,,,,,,,,,,,,,
,,,,,,,,,,,,,
,,,,,,,,,,,,,
,,,,,,,,,,,,,
,,,,,,,,,,,,,
,,,,,,,,,,,,,
,,,,,,,,,,,,,
,,,,,,,,,,,,,
,,,,,,,,,,,,,
,,,,,,,,,,,,,
,,,,,,,,,,,,,
,,,,,,,,,,,,,
,,,,,,,,,,,,,
,,,,,,,,,,,,,
,,,,,,,,,,,,,
