รายงานสถิติผู้เข้าร่วมกิจกรรม งดน้ำหวานทุกวันพุธ,,,,,,,,,,,,,,,,,,,,
ทุกวันพุธ ระหว่างวันที่ 24 สิงหาคม 2569 - 11 พฤศจิกายน 2569,,,,,,,,,,,,,,,,,,,,
,,,,,,,,,,,,,,,,,,,,
ลำดับ,ชื่อ - นามสกุล,สังกัดฝ่าย,สถิติการงดน้ำหวาน ทุกวันพุธของสัปดาห์ (ใส่เครื่องหมาย R หรือ Q ลงในช่องวันที่),,,,,,,,,,,,,,,,,
,,,26 ส.ค.69,2 ก.ย.69,9 ก.ย.69,16 ก.ย.69,23 ก.ย.69,30 ก.ย.69,7 ต.ค.69,14 ต.ค.69,21 ต.ค.69,28 ต.ค.69,4 พ.ย.69,11 พ.ย.69,,,,,,
,,,,,,,,,,,,,,,,,,,,
,,,,,,,,,,,,,,,,,,,,
,,,,,,,,,,,,,,,,,,,,
,,,,,,,,,,,,,,,,,,,,
,,,,,,,,,,,,,,,,,,,,
,,,,,,,,,,,,,,,,,,,,
,,,,,,,,,,,,,,,,,,,,
,,,,,,,,,,,,,,,,,,,,
,,,,,,,,,,,,,,,,,,,,
,,,,,,,,,,,,,,,,,,,,
,,,,,,,,,,,,,,,,,,,,
,,,,,,,,,,,,,,,,,,,,
,,,,,,,,,,,,,,,,,,,,
,,,,,,,,,,,,,,,,,,,,
,,,,,,,,,,,,,,,,,,,,
,,,,,,,,,,,,,,,,,,,,
,,,,,,,,,,,,,,,,,,,,
,,,,,,,,,,,,,,,,,,,,
,,,,,,,,,,,,,,,,,,,,
,,,,,,,,,,,,,,,,,,,,
รวมสถิติผู้เข้าร่วมกิจกรรม,,,,,,,,,,,,,,,,,,,,
